;unixdate;date;m_id;from_user;source;likes_count;repost_count;copy_text;reposter_type
0;1493135025;2017-04-25 18:43:45;9;-123686210;129244038;0;0;"–¢–∞–∫ –º–Ω–µ –Ω–∏–∫—Ç–æ —Ç–∞–∫ –∏ –Ω–µ –æ—Ç–≤–µ—Ç–∏–ª, —á—Ç–æ —ç—Ç–æ—Ç –º–æ—Ä–∞–ª—å–Ω—ã–π —É—Ä–æ–¥ —Ö–æ—á–µ—Ç –∏–∑–º–µ–Ω–∏—Ç—å –≤ –Ω–∞—à–µ–π (–Ω–∞—Ä–æ–¥–∞) –∂–∏–∑–Ω–∏ –∫—Ä–æ–º–µ –∫–∞–∫ –∑–∞–Ω—è—Ç—å –º–µ—Å—Ç–æ –ø—É—Ç–∏–Ω–∞ —É ,,–∫–æ—Ä–º—É—à–∫–∏""!!!?";group
2;1493134517;2017-04-25 18:35:17;1358;173785;129244038;0;0;–ë–ª–∞–≥–æ—Ç–≤–æ—Ä–∏—Ç–µ–ª—å–Ω–æ—Å—Ç—å –¥–ª—è —Å–µ–±—è;user
3;1493133220;2017-04-25 18:13:40;5077;-142590933;129244038;12;2;;group
4;1493128422;2017-04-25 16:53:42;1453;73217;129244038;3;0;"""–ù–µ –ø—Ä–æ—Å—Ç–æ —Ç–∞–∫ –º–Ω–æ–≥–æ –ª–µ—Ç –º–µ–¥–≤–µ–¥–µ–≤—Å–∫–∏–µ —Ñ–æ–Ω–¥—ã —Å–∫—Ä—ã–≤–∞–ª–∏ —Å–≤–æ—é –æ—Ç—á–µ—Ç–Ω–æ—Å—Ç—å. –ü–æ—Ç–æ–º—É —á—Ç–æ –≤–æ—Ç, –∫–∞–∫ –Ω–∞ —Å–∞–º–æ–º –¥–µ–ª–µ –≤—ã–≥–ª—è–¥–∏—Ç —Å–ø–∏—Å–æ–∫ —Å–∞–º—ã—Ö –±–æ–≥–∞—Ç—ã—Ö –Ω–µ–∫–æ–º–º–µ—Ä—á–µ—Å–∫–∏—Ö —Ñ–æ–Ω–¥–æ–≤ –†–æ—Å—Å–∏–∏ "" <br>https://st.navalny.com/media/cache/29/44/294457fda4c071dd92b18f82bcff50c8.jpg<br><br>–í–æ—Ç –æ—Ç—á—ë—Ç –æ —Ç—Ä–∞—Ç–∞—Ö —Ñ–æ–Ω–¥–∞ ""–ü–æ–¥–∞—Ä–∏ –∂–∏–∑–Ω—å"" –∑–∞ 2016 –≥–æ–¥. <br>–§–æ–Ω–¥ –ø–æ—Ç—Ä–∞—Ç–∏–ª 2.3 –º–∏–ª–ª–∏–∞—Ä–¥–∞ —Ä—É–±–ª–µ–π –Ω–∞ –ª–µ—á–µ–Ω–∏–µ —Ç—è–∂–µ–ª–æ –±–æ–ª—å–Ω—ã—Ö –¥–µ—Ç–µ–π. https://podari-zhizn.ru/main/node/25213<br><br>–í –Ω—ë–º 9000 —Å—Ç—Ä–æ–∫, –∫–æ—Ç–æ—Ä—ã–µ –Ω–µ–≤–æ–∑–º–æ–∂–Ω–æ —á–∏—Ç–∞—Ç—å —Å–ø–æ–∫–æ–π–Ω–æ.<br>...<br>–ó–∞—Ä—É–±–µ–∂–Ω–æ–µ –ª–µ—á–µ–Ω–∏–µ (–æ–ø–µ—Ä–∞—Ü–∏—è)<br>–ú–µ–¥–∏—Ü–∏–Ω—Å–∫–æ–µ –æ–±–æ—Ä—É–¥–æ–≤–∞–Ω–∏–µ<br>–ú–µ–¥–∏—Ü–∏–Ω—Å–∫–∏–µ —É—Å–ª—É–≥–∏ (—Ö–∏–º–∏–æ—Ç–µ—Ä–∞–ø–∏—è)<br>–°–∏—Å—Ç–µ–º–∞ –ò–í–õ –¥–ª—è –ª–µ—á–µ–Ω–∏—è –Ω–æ–≤–æ—Ä–æ–∂–¥.<br>–ó–∞—Ä—É–±–µ–∂–Ω—ã–µ –ª–µ–∫–∞—Ä—Å—Ç–≤–∞ (—ç—Ä–≤–∏–Ω–∞–∑–∞)<br>–ü–æ–∏—Å–∫ –∏ –∞–∫—Ç–∏–≤–∞—Ü–∏—è –¥–æ–Ω–æ—Ä–∞ –∫–æ—Å—Ç–Ω–æ–≥–æ –º–æ–∑–≥–∞<br>–ú–µ–¥.—Ç—Ä–∞–Ω—Å–ø–æ—Ä—Ç–∏—Ä–æ–≤–∫–∞<br>–ú–µ–¥–∏—Ü–∏–Ω—Å–∫–∏–µ —É—Å–ª—É–≥–∏ (–æ–ø–µ—Ä–∞—Ü–∏—è)<br>–†–∏—Ç—É–∞–ª—å–Ω—ã–µ —É—Å–ª—É–≥–∏<br>...<br><br>–ò –≤–¥—Ä—É–≥ –æ–∫–∞–∑—ã–≤–∞–µ—Ç—Å—è, —á—Ç–æ —Ñ–æ–Ω–¥—ã –ú–µ–¥–≤–µ–¥–µ–≤–∞ –≤ –≥–æ–¥ —Ç—Ä–∞—Ç—è—Ç –Ω–∞ ""–û—Å—É—â–µ—Å—Ç–≤–ª–µ–Ω–∏–µ —É—Å—Ç–∞–≤–Ω–æ–π –¥–µ—è—Ç–µ–ª—å–Ω–æ—Å—Ç–∏ –∏ —Å–æ–±—Å—Ç–≤–µ–Ω–Ω–æ–µ —Å–æ–¥–µ—Ä–∂–∞–Ω–∏–µ"" 3‚ÄØ681‚ÄØ545‚ÄØ000 —Ä—É–±–ª–µ–π –≤ –≥–æ–¥. –¢—Ä–∞—Ç—è—Ç –Ω–∞ –¥–≤–æ—Ä—Ü—ã –∏ —Ä–∞–∑–≤–ª–µ—á–µ–Ω–∏—è –æ–¥–Ω–æ–≥–æ —Å–ª–∏—à–∫–æ–º –∑–¥–æ—Ä–æ–≤–æ–≥–æ –º–∞–ª—å—á–∏–∫–∞.<br><br>https://vk.com/doc73217_444587213";user
5;1493133920;2017-04-25 18:25:20;3606;138484960;129244038;1;0;"–ù–æ–≤—ã–µ —Å–∫–∞–Ω–¥–∞–ª—å–Ω—ã–µ –ø–æ–¥—Ä–æ–±–Ω–æ—Å—Ç–∏ –æ ""–±–ª–∞–≥–æ—Ç–≤–æ—Ä–∏—Ç–µ–ª—å–Ω—ã—Ö —Ñ–æ–Ω–¥–∞—Ö"" –ú–µ–¥–≤–µ–¥–µ–≤–∞.";user
6;1493133736;2017-04-25 18:22:16;396;172521926;129244038;0;0;–ù–æ –≤—Å–µ –≤–µ—Ä—Ö–∏ –ø—Ä–æ–¥–æ–ª–∂–∞—é—Ç –º–æ–ª—á–∞—Ç—å..;user
7;1493133321;2017-04-25 18:15:21;2838;257244400;129244038;1;0;–†–æ—Å—Å–∏—è —ç—Ç–æ —Ñ–∞—à–∏—Å—Ç–∫–æ–µ –≥–æ—Å—É–¥–∞—Ä—Å—Ç–≤–æ;user
8;1493130736;2017-04-25 17:32:16;2284;-33799368;129244038;4;0;;group
9;1493130512;2017-04-25 17:28:32;4136;20083182;129244038;0;0;;user
10;1493130988;2017-04-25 17:36:28;2341;12066216;129244038;0;0;–û–ø—É–±–ª–∏–∫–æ–≤–∞–ª–∏ –æ—Ç—á—ë—Ç–Ω–æ—Å—Ç—å. –í—Å—ë –≤ –æ—Ç–∫—Ä—ã—Ç–æ–º –¥–æ—Å—Ç—É–ø–µ –Ω–∞ —Å–∞–π—Ç–µ –ú–∏–Ω—é—Å—Ç–∞.;user
11;1493130938;2017-04-25 17:35:38;23996;5019721;129244038;1;0;–°–∏—Ç—É–∞—Ü–∏—é –º–æ–∂–Ω–æ —Å—Ä–∞–≤–Ω–∏—Ç—å —Å —Ä–∞–∑–≥—Ä–æ–º–æ–º –Ω–∞ —à–∞—Ö–º–∞—Ç–Ω–æ–π –¥–æ—Å–∫–µ. üòä;user
12;1493130724;2017-04-25 17:32:04;711;224344995;129244038;0;0;–í–û–¢ –¢–£–¢ –í–´ –ù–ê 200 % –ü–†–ê–í–´!!!;user
13;1493130208;2017-04-25 17:23:28;507;166304664;129244038;0;0;–ê –ø—è—Ç–æ–≥–æ, <br>–ü–æ–º—è—Ç–æ–≥–æ, <br>–°–ø–∞—Å–ª–∞ –ß—É–ª–ø–∞–Ω –•–∞–º–∞—Ç–æ–≤–∞. <br><br>PS: –ø—Ä–æ—Å—Ç–∏—Ç–µ. <br>–ü—Ä–æ—Å—Ç–æ –ø–æ–∂–∞—Ä.;user
14;1493130140;2017-04-25 17:22:20;750;38266851;129244038;0;0;–í–æ—Ç —Ç–∞–∫!;user
15;1493129724;2017-04-25 17:15:24;5209;4146795;129244038;0;0;–õ–µ—Ö–∞ –∂–∂–µ—Ç!;user
16;1493129694;2017-04-25 17:14:54;5152;12259729;129244038;0;0;–ø*–∑*–µ*;user
17;1493129463;2017-04-25 17:11:03;8568;55067;129244038;0;0;https://vk.com/photo55067_456239859;user
18;1493124297;2017-04-25 15:44:57;785;1297942;129244038;0;0;;user
19;1493129058;2017-04-25 17:04:18;2811;-25288173;129244038;0;0;#–ò–Ω—Ñ–æ@lgbtstory<br>–ù–µ –∂–∏—Ä–Ω–æ –≤ –æ–¥–Ω—É –º–æ—Ä–¥—É? –ê –º–æ–∂–µ—Ç –Ω–µ –≤ –æ–¥–Ω—É....?;group
20;1493128866;2017-04-25 17:01:06;64;362106357;129244038;0;0;#–î–∏–º–æ–Ω–û—Ç–≤–µ—Ç–∏—Ç #–ù–∞–≤–∞–ª—å–Ω—ã–π<br>–°–º–æ—Ç—Ä–∏—Ç–µ –∏ —Ä–∞—Å–ø—Ä–æ—Å—Ç—Ä–∞–Ω—è–π—Ç–µ;user
21;1493128711;2017-04-25 16:58:31;2690;1231934;129244038;0;0;–í—Ä–∏ –¥–æ –∫–æ–Ω—Ü–∞...;user
22;1493128663;2017-04-25 16:57:43;7311;36104583;129244038;2;0;–ë–µ–∑ –∫–æ–º–º–µ–Ω—Ç–∞—Ä–∏–µ–≤.....;user
23;1493128563;2017-04-25 16:56:03;12077;2577364;129244038;0;0;—Ç–æ–ª—å–∫–æ —Ç–∞–∫!;user
24;1493128542;2017-04-25 16:55:42;2609;5790468;129244038;0;0;üíØüñê;user
25;1493128476;2017-04-25 16:54:36;2870;71841729;129244038;2;0;–û—á–µ–Ω—å!;user
26;1493124521;2017-04-25 15:48:41;15920;-85501287;129244038;0;0;;group
27;1493124523;2017-04-25 15:48:43;15921;-85501287;129244038;0;0;;group
28;1493127686;2017-04-25 16:41:26;3991;636917;129244038;1;0;–ù–µ –º–æ–≥—É –Ω–µ —Ä–µ–ø–æ—Å—Ç–Ω—É—Ç—å. –ì—Ä—É—Å—Ç–Ω–æ –≤—Å–µ;user
29;1493125070;2017-04-25 15:57:50;8346;14606957;129244038;4;0;;user
30;1493127493;2017-04-25 16:38:13;1644;182296045;129244038;0;0;–ü–æ—á–µ–º—É –±—ã —ç—Ç–æ—Ç —Ä–æ–ª–∏–∫ –Ω–µ –ø–æ–∫–∞–∑–∞—Ç—å –ø–æ –ü–µ—Ä–≤–æ–º—É –∫–∞–Ω–∞–ª—É, –†–æ—Å—Å—Å–∏–∏-1 –∏ –ù–¢–í? –ù–µ–¥–∞–≤–Ω–æ –ü—É—Ç–∏–Ω –ø–æ—Ä–µ–∫–æ–º–µ–Ω–¥–æ–≤–∞–ª –æ—Ç–ª–∏—á–∞—Ç—å —Å–∞–º–æ–ø–∏–∞—Ä –æ—Ç —Ä–µ–∞–ª—å–Ω–æ–π –±–æ—Ä—å–±—ã —Å –∫–æ—Ä—Ä—É–ø—Ü–∏–µ–π. –í–æ—Ç –∏ –¥—É–º–∞—é: –Ω–µ—É–∂–µ–ª–∏ –∏ –≤ —ç—Ç–æ–π –∏–Ω—Ñ–æ—Ä–º–∞—Ü–∏–∏ –æ—Å–Ω–æ–≤–∞ - —Å–∞–º–æ–ø–∏–∞—Ä –ù–∞–≤–∞–ª—å–Ω–æ–≥–æ? –ù–µ –≤–µ—Ä–∏—Ç—Å—è.;user
31;1493124003;2017-04-25 15:40:03;4428;-107517920;129244038;4;1;;group
32;1493126591;2017-04-25 16:23:11;3811;14529887;129244038;0;0;–ø–æ —Ç—ã—Å—è—á–µ –ø—Ä–æ—Å–º–æ—Ç—Ä–æ–≤ –≤ –º–∏–Ω—É—Ç—É –Ω–∞–±–∏—Ä–∞–µ—Ç...–õ—ë—Ö–∞ –º–æ—á–∏—Ç:)));user
33;1493126366;2017-04-25 16:19:26;1935;28151584;129244038;2;0;–ê –ª–∞—Ä—á–∏–∫ –ø—Ä–æ—Å—Ç–æ –æ—Ç–∫—Ä—ã–≤–∞–ª—Å—è... üòâ;user
34;1493124119;2017-04-25 15:41:59;5443;21345460;129244038;0;0;;user
35;1493126254;2017-04-25 16:17:34;1279;298980036;129244038;0;0;–æ–ø<br>–∏ –ø–∏—Å—å–º–µ—Ü–æ –∏–∑ –∫–æ–º–∏—Å—Å–∏–∏ –ø–æ –¥–µ–ª–∞–º –Ω–µ—Å–æ–≤–µ—Ä—à–µ–Ω–Ω–æ–ª–µ—Ç–Ω–∏—Ö –ø—Ä–∏–ª–µ—Ç–µ–ª–æ;user
36;1493126194;2017-04-25 16:16:34;1541;9520230;129244038;0;0;–ù—É —Ç—É—Ç –Ω–µ—á–µ–≥–æ –¥–æ–±–∞–≤–∏—Ç—å, –≤—Å–µ –≤ —Å–æ–¥–µ—Ä–∂–∞–Ω–∏–∏!;user
37;1493126155;2017-04-25 16:15:55;1513;346613373;129244038;0;0;–£—Ä–∞–∞–∞–∞–∞–∞!;user
38;1493125869;2017-04-25 16:11:09;7560;6455642;129244038;1;0;–ì–æ—Å–ø–æ–¥–∏, –∫–∞–∫–∞—è –º–µ—Ä–∑–æ—Å—Ç—å (((((( –ö–∞–∫ –º—ã —ç—Ç–æ –≤—Å–µ —Ç–µ—Ä–ø–∏–º? –í–æ—Å—Ö–∏—â–∞—é—Å—å —Å–º–µ–ª–æ—Å—Ç—å—é –ê–ª–µ–∫—Å–µ—è!;user
39;1493125569;2017-04-25 16:06:09;2675;-46071642;129244038;7;0;–¢–∞–∫–∏–µ –ø–æ—Å–ø–µ—à–Ω—ã–µ –¥–µ–π—Å—Ç–≤–∏—è –ø—Ä–µ–º—å–µ—Ä–∞ –Ω–µ–≥–∞—Ç–∏–≤–Ω–æ –æ—Ç—Ä–∞–∑—è—Ç—Å—è –Ω–µ —Ç–æ–ª—å–∫–æ –Ω–∞ –µ–≥–æ –ø–æ–ª–∏—Ç–∏—á–µ—Å–∫–æ–π –∫–∞—Ä—å–µ—Ä–µ. –ú—ã —ç—Ç–æ —Ç–∞–∫ –Ω–µ –æ—Å—Ç–∞–≤–∏–º! –î—É–µ—Ç –≤–µ—Ç–µ—Ä –ø–µ—Ä–µ–º–µ–Ω...;group
40;1493125355;2017-04-25 16:02:35;4021;14069101;129244038;0;0;–î–∞ —É–∂... –î–∞–∂–µ –Ω–µ —Å—Ç–µ—Å–Ω—è—é—Ç—Å—è...;user
42;1493125228;2017-04-25 16:00:28;2265;40290442;129244038;0;0;–í–æ—Ä–æ–≤—Å–∫–∞—è —Å—Ç—Ä–∞–Ω–∞.;user
43;1493124778;2017-04-25 15:52:58;14834;67260949;129244038;1;0;#–ù–∞–≤–∞–ª—å–Ω—ã–π#—Ñ–æ–Ω–¥—ã#–º–µ–¥–≤–µ–¥–µ–≤–∞#–æ—Ç—á—ë—Ç–Ω–æ—Å—Ç—å;user
44;1493124669;2017-04-25 15:51:09;894;195593009;129244038;1;1;–±–ª—ç–¥ –Ω—ç–≤—ç–ª–Ω—ã–π;user
45;1493124630;2017-04-25 15:50:30;2163;185564110;129244038;1;0;–ù–∞–∑–≤–∞–ª—Å—è –±–ª–∞–≥–æ—Ç–≤–æ—Ä–∏—Ç–µ–ª—å–Ω—ã–º —Ñ–æ–Ω–¥–æ–º - –ø–æ–º–æ–≥–∞–π –ª—é–¥—è–º;user
46;1493124586;2017-04-25 15:49:46;58;-124910963;129244038;0;0;–ü–æ–¥—Ä–æ–±–Ω–µ–µ –æ —Ñ–æ–Ω–¥–∞—Ö –ú–µ–¥–≤–µ–¥–µ–≤–∞.;group
47;1493124586;2017-04-25 15:49:46;1692;-94930471;129244038;0;0;–ü–æ–¥—Ä–æ–±–Ω–µ–µ –æ —Ñ–æ–Ω–¥–∞—Ö –ú–µ–¥–≤–µ–¥–µ–≤–∞.;group
48;1493124585;2017-04-25 15:49:45;85;-130865009;129244038;0;0;–ü–æ–¥—Ä–æ–±–Ω–µ–µ –æ —Ñ–æ–Ω–¥–∞—Ö –ú–µ–¥–≤–µ–¥–µ–≤–∞.;group
49;1493124552;2017-04-25 15:49:12;15546;-39482455;129244038;1;0;–ë–µ—Å–ø–æ–¥–æ–±–Ω–æ. –ù–µ –∫–æ—Ä–º–∏—Ç–µ –Ω–æ–º–µ–Ω–∫–ª–∞—Ç—É—Ä—É!;group
50;1493124370;2017-04-25 15:46:10;4453;5091364;129244038;0;0;–±–ª–∞–≥–æ—Ç–≤–æ—Ä–∏—Ç–µ–ª—å–Ω—ã–µ —Ñ–æ–Ω–¥—ã –∫—É—Ä–∏–ª—å—â–∏–∫–∞;user
51;1493124215;2017-04-25 15:43:35;1439;63199668;129244038;2;0;–ü—Ä–æ—Å—Ç–æ –≤–æ—Ç.;user
52;1493124123;2017-04-25 15:42:03;812;325514396;129244038;1;0;–û—á–µ–Ω—å –∏–Ω—Ç–µ—Ä–µ—Å–Ω–æ;user
53;1493124027;2017-04-25 15:40:27;4494;6944037;129244038;1;0;–°–∞–π—Ç –ú–∏–Ω—é—Å—Ç–∞ –≥–æ—Ä–¥–æ –ø–∞–¥–∞–µ—Ç –ø—Ä–∏ –ª—é–±–æ–º –∑–∞–ø—Ä–æ—Å–µ...;user
54;1493123703;2017-04-25 15:35:03;6158;4915428;129244038;0;0;;user
55;1493130954;2017-04-25 17:35:54;1345;411501365;129244038;0;0;;user
56;1493130945;2017-04-25 17:35:45;138;4924269;129244038;0;0;;user
57;1493130916;2017-04-25 17:35:16;8020;37236788;129244038;0;0;;user
58;1493130899;2017-04-25 17:34:59;5097;4591935;129244038;0;0;;user
59;1493130893;2017-04-25 17:34:53;1542;204517860;129244038;0;0;;user
60;1493130849;2017-04-25 17:34:09;708;58293813;129244038;0;0;;user
61;1493130755;2017-04-25 17:32:35;9;415852045;129244038;0;0;;user
62;1493130624;2017-04-25 17:30:24;1476;20276653;129244038;0;0;;user
63;1493130611;2017-04-25 17:30:11;5384;28392989;129244038;1;0;;user
64;1493130596;2017-04-25 17:29:56;589;291885777;129244038;0;0;;user
65;1493130542;2017-04-25 17:29:02;534;5574957;129244038;0;0;;user
66;1493130532;2017-04-25 17:28:52;3405;41677603;129244038;0;0;;user
67;1493130430;2017-04-25 17:27:10;211;-43110922;129244038;0;0;;group
68;1493130413;2017-04-25 17:26:53;3795;342579883;129244038;0;0;;user
69;1493130408;2017-04-25 17:26:48;3098;403693793;129244038;0;0;;user
70;1493130403;2017-04-25 17:26:43;2514;314966971;129244038;0;0;;user
71;1493130377;2017-04-25 17:26:17;2524;160405230;129244038;0;0;;user
72;1493130318;2017-04-25 17:25:18;7743;89505855;129244038;0;0;;user
73;1493130297;2017-04-25 17:24:57;482;211165333;129244038;0;0;;user
74;1493130280;2017-04-25 17:24:40;540;208262507;129244038;0;0;;user
75;1493130262;2017-04-25 17:24:22;208;61737086;129244038;0;0;;user
76;1493130144;2017-04-25 17:22:24;2014;188627390;129244038;0;0;;user
77;1493130105;2017-04-25 17:21:45;2607;230233638;129244038;0;0;;user
78;1493130088;2017-04-25 17:21:28;759;380102341;129244038;0;0;;user
79;1493130048;2017-04-25 17:20:48;3250;157020531;129244038;1;0;;user
81;1493130030;2017-04-25 17:20:30;16870;41642893;129244038;1;0;;user
82;1493129993;2017-04-25 17:19:53;425;186694690;129244038;0;0;;user
83;1493129956;2017-04-25 17:19:16;1283;29540465;129244038;0;0;;user
84;1493129925;2017-04-25 17:18:45;36809;267195740;129244038;0;0;;user
86;1493129902;2017-04-25 17:18:22;580;5661388;129244038;0;0;;user
87;1493129855;2017-04-25 17:17:35;3132;19060346;129244038;1;0;;user
88;1493129811;2017-04-25 17:16:51;2797;217005154;129244038;0;0;;user
89;1493129774;2017-04-25 17:16:14;9627;7089490;129244038;0;0;;user
90;1493129732;2017-04-25 17:15:32;4084;5046092;129244038;0;0;;user
91;1493129687;2017-04-25 17:14:47;2840;-30838658;129244038;1;1;;group
92;1493129662;2017-04-25 17:14:22;2763;320693082;129244038;0;0;;user
93;1493129639;2017-04-25 17:13:59;8639;1820642;129244038;0;0;;user
95;1493129617;2017-04-25 17:13:37;208;107734827;129244038;0;0;;user
96;1493129590;2017-04-25 17:13:10;1207;4900158;129244038;0;0;;user
97;1493129561;2017-04-25 17:12:41;1389;102973687;129244038;0;0;;user
98;1493129388;2017-04-25 17:09:48;6896;8595566;129244038;0;0;;user
99;1493129379;2017-04-25 17:09:39;2073;3664218;129244038;0;0;;user
100;1493129379;2017-04-25 17:09:39;833;76425538;129244038;0;0;;user
101;1493129359;2017-04-25 17:09:19;380;158358331;129244038;0;0;;user
103;1493129246;2017-04-25 17:07:26;445;8883479;129244038;0;0;;user
104;1493129250;2017-04-25 17:07:30;4126;5030195;129244038;0;0;;user
105;1493129227;2017-04-25 17:07:07;1464;91518506;129244038;1;0;;user
106;1493129221;2017-04-25 17:07:01;1314;236991382;129244038;0;0;;user
107;1493129208;2017-04-25 17:06:48;87;399001180;129244038;0;0;;user
108;1493129123;2017-04-25 17:05:23;22996;101551945;129244038;0;0;;user
109;1493129116;2017-04-25 17:05:16;1162;142208416;129244038;0;0;;user
110;1493129105;2017-04-25 17:05:05;8174;46358926;129244038;0;0;;user
111;1493129039;2017-04-25 17:03:59;1340;65411420;129244038;0;0;;user
112;1493129040;2017-04-25 17:04:00;3561;202800292;129244038;0;0;;user
113;1493129015;2017-04-25 17:03:35;186;-142390404;129244038;0;0;;group
114;1493128977;2017-04-25 17:02:57;3076;1388007;129244038;1;0;;user
115;1493128971;2017-04-25 17:02:51;11052;22869578;129244038;0;0;;user
116;1493129019;2017-04-25 17:03:39;726;335710866;129244038;0;0;;user
117;1493128951;2017-04-25 17:02:31;4464;297549095;129244038;0;0;;user
118;1493128932;2017-04-25 17:02:12;2034;126250324;129244038;4;0;;user
120;1493128742;2017-04-25 16:59:02;5151;120686578;129244038;2;0;;user
121;1493128707;2017-04-25 16:58:27;144;9004133;129244038;0;0;;user
122;1493128698;2017-04-25 16:58:18;1990;231046791;129244038;0;0;;user
123;1493128660;2017-04-25 16:57:40;45076;182833928;129244038;0;0;;user
124;1493128602;2017-04-25 16:56:42;2373;50541577;129244038;0;0;;user
125;1493128553;2017-04-25 16:55:53;5808;136107906;129244038;0;0;;user
126;1493128515;2017-04-25 16:55:15;1267;222837305;129244038;0;0;;user
127;1493128489;2017-04-25 16:54:49;979;155357856;129244038;0;0;;user
128;1493128489;2017-04-25 16:54:49;2878;139660593;129244038;0;0;;user
129;1493128472;2017-04-25 16:54:32;340;21213368;129244038;1;0;;user
130;1493128393;2017-04-25 16:53:13;15730;1038165;129244038;0;0;;user
131;1493128379;2017-04-25 16:52:59;11406;29671807;129244038;0;0;;user
132;1493128375;2017-04-25 16:52:55;6064;229898644;129244038;0;0;;user
134;1493128256;2017-04-25 16:50:56;2570;82329;129244038;0;0;;user
135;1493128203;2017-04-25 16:50:03;3300;121970035;129244038;0;0;;user
136;1493128203;2017-04-25 16:50:03;403;351813763;129244038;0;0;;user
137;1493128164;2017-04-25 16:49:24;78;3885818;129244038;0;0;;user
138;1493128148;2017-04-25 16:49:08;47;296727629;129244038;0;0;;user
139;1493128138;2017-04-25 16:48:58;100;331169561;129244038;0;0;;user
140;1493128103;2017-04-25 16:48:23;4214;27465885;129244038;0;0;;user
141;1493128083;2017-04-25 16:48:03;9173;168555360;129244038;1;0;;user
142;1493128065;2017-04-25 16:47:45;492;10676392;129244038;0;0;;user
143;1493128038;2017-04-25 16:47:18;2257;32465249;129244038;0;0;;user
144;1493128004;2017-04-25 16:46:44;19438;124731392;129244038;0;0;;user
145;1493127990;2017-04-25 16:46:30;12412;28086482;129244038;0;0;;user
146;1493127961;2017-04-25 16:46:01;9408;165214136;129244038;0;0;;user
147;1493127957;2017-04-25 16:45:57;148;342073757;129244038;0;0;;user
148;1493127941;2017-04-25 16:45:41;1641;2373603;129244038;0;0;;user
149;1493127868;2017-04-25 16:44:28;1768;5983503;129244038;0;0;;user
150;1493127868;2017-04-25 16:44:28;3993;141311628;129244038;0;0;;user
152;1493127837;2017-04-25 16:43:57;2171;70516939;129244038;0;0;;user
153;1493127804;2017-04-25 16:43:24;1293;237327434;129244038;0;0;;user
154;1493127776;2017-04-25 16:42:56;2717;226203989;129244038;0;0;;user
155;1493127724;2017-04-25 16:42:04;13675;17905083;129244038;0;0;;user
156;1493127718;2017-04-25 16:41:58;3194;84866090;129244038;0;0;;user
157;1493127707;2017-04-25 16:41:47;915;387362858;129244038;1;0;;user
158;1493127691;2017-04-25 16:41:31;100;-127716633;129244038;0;0;;group
159;1493127684;2017-04-25 16:41:24;1307;248043351;129244038;0;0;;user
161;1493127615;2017-04-25 16:40:15;7184;51839460;129244038;0;0;;user
162;1493127776;2017-04-25 16:42:56;652;224797657;129244038;0;0;;user
163;1493127575;2017-04-25 16:39:35;5893;174467611;129244038;0;0;;user
164;1493127558;2017-04-25 16:39:18;980;408413690;129244038;2;0;;user
165;1493127546;2017-04-25 16:39:06;28604;2933629;129244038;0;0;;user
166;1493127547;2017-04-25 16:39:07;221;193150967;129244038;1;0;;user
167;1493127520;2017-04-25 16:38:40;1611;40496429;129244038;0;0;;user
168;1493127499;2017-04-25 16:38:19;4531;92314;129244038;1;0;;user
169;1493127455;2017-04-25 16:37:35;1551;7808065;129244038;0;0;;user
170;1493127401;2017-04-25 16:36:41;438;422033205;129244038;0;0;;user
171;1493127259;2017-04-25 16:34:19;45;200669183;129244038;0;0;;user
172;1493127258;2017-04-25 16:34:18;1466;27363193;129244038;0;0;;user
173;1493127230;2017-04-25 16:33:50;5577;61914697;129244038;1;0;;user
174;1493127227;2017-04-25 16:33:47;1013;339749030;129244038;0;0;;user
175;1493127199;2017-04-25 16:33:19;12409;157529738;129244038;0;0;;user
176;1493127196;2017-04-25 16:33:16;1529;294406701;129244038;0;0;;user
177;1493127194;2017-04-25 16:33:14;17906;134316212;129244038;0;0;;user
178;1493127136;2017-04-25 16:32:16;18501;62149673;129244038;0;0;;user
179;1493127137;2017-04-25 16:32:17;1118;69915165;129244038;1;0;;user
180;1493127104;2017-04-25 16:31:44;2577;298302949;129244038;0;0;;user
181;1493127106;2017-04-25 16:31:46;19381;28372667;129244038;0;0;;user
182;1493127096;2017-04-25 16:31:36;1278;28655197;129244038;0;0;;user
183;1493127066;2017-04-25 16:31:06;1138;199210784;129244038;0;0;;user
184;1493127067;2017-04-25 16:31:07;9705;7733783;129244038;3;0;;user
185;1493127001;2017-04-25 16:30:01;724;20650177;129244038;0;0;;user
186;1493126991;2017-04-25 16:29:51;4760;2001152;129244038;0;0;;user
187;1493126987;2017-04-25 16:29:47;1023;177471164;129244038;0;0;;user
188;1493126976;2017-04-25 16:29:36;3548;35065485;129244038;0;0;;user
189;1493126970;2017-04-25 16:29:30;17562;22770001;129244038;1;1;;user
190;1493126994;2017-04-25 16:29:54;50;347431375;129244038;0;0;;user
191;1493126918;2017-04-25 16:28:38;221;201150160;129244038;0;0;;user
192;1493126896;2017-04-25 16:28:16;1078;7790327;129244038;0;0;;user
193;1493126878;2017-04-25 16:27:58;2185;359955571;129244038;0;0;;user
194;1493126830;2017-04-25 16:27:10;250;287034009;129244038;0;0;;user
195;1493126827;2017-04-25 16:27:07;7706;190656348;129244038;0;0;;user
196;1493126827;2017-04-25 16:27:07;117;223099212;129244038;0;0;;user
197;1493126806;2017-04-25 16:26:46;2213;122358876;129244038;0;0;;user
198;1493126884;2017-04-25 16:28:04;13274;217334640;129244038;0;0;;user
199;1493126786;2017-04-25 16:26:26;2263;259452446;129244038;0;0;;user
200;1493126768;2017-04-25 16:26:08;12468;140516109;129244038;0;0;;user
201;1493126770;2017-04-25 16:26:10;2230;316290696;129244038;0;0;;user
202;1493126743;2017-04-25 16:25:43;775;156317264;129244038;0;0;;user
203;1493126728;2017-04-25 16:25:28;1500;1496106;129244038;0;0;;user
204;1493126675;2017-04-25 16:24:35;3558;73401512;129244038;0;0;;user
205;1493126671;2017-04-25 16:24:31;955;412352065;129244038;0;0;;user
206;1493126671;2017-04-25 16:24:31;2801;16039234;129244038;0;0;;user
207;1493126658;2017-04-25 16:24:18;12757;120064450;129244038;0;0;;user
208;1493126657;2017-04-25 16:24:17;3760;18300491;129244038;1;0;;user
209;1493126647;2017-04-25 16:24:07;2937;19085094;129244038;0;0;;user
210;1493126639;2017-04-25 16:23:59;558;270138267;129244038;0;0;;user
211;1493126612;2017-04-25 16:23:32;2983;203319330;129244038;0;0;;user
212;1493126603;2017-04-25 16:23:23;347;16739767;129244038;0;0;;user
213;1493126592;2017-04-25 16:23:12;90;182433273;129244038;0;0;;user
214;1493126588;2017-04-25 16:23:08;6367;27440319;129244038;0;0;;user
215;1493126554;2017-04-25 16:22:34;15391;8578145;129244038;1;0;;user
216;1493126504;2017-04-25 16:21:44;14154;63503440;129244038;0;0;;user
217;1493126496;2017-04-25 16:21:36;7462;11652339;129244038;0;0;;user
218;1493126393;2017-04-25 16:19:53;3670;208799014;129244038;1;0;;user
219;1493126387;2017-04-25 16:19:47;45118;8364758;129244038;0;0;;user
220;1493126383;2017-04-25 16:19:43;1846;146368304;129244038;0;0;;user
221;1493126359;2017-04-25 16:19:19;1301;276826951;129244038;0;0;;user
222;1493126377;2017-04-25 16:19:37;7700;252904682;129244038;1;0;;user
223;1493126343;2017-04-25 16:19:03;7787;13826150;129244038;1;0;;user
224;1493126287;2017-04-25 16:18:07;27885;157362008;129244038;1;1;;user
226;1493126284;2017-04-25 16:18:04;16583;155540698;129244038;0;0;;user
227;1493126258;2017-04-25 16:17:38;12645;148510150;129244038;0;0;;user
228;1493126247;2017-04-25 16:17:27;5877;7267090;129244038;1;0;;user
229;1493126240;2017-04-25 16:17:20;2436;5367776;129244038;2;0;;user
230;1493126234;2017-04-25 16:17:14;1738;68396478;129244038;1;1;;user
231;1493126228;2017-04-25 16:17:08;166;419158226;129244038;0;0;;user
232;1493126182;2017-04-25 16:16:22;626;70320496;129244038;0;0;;user
234;1493126176;2017-04-25 16:16:16;1005;36942332;129244038;0;0;;user
235;1493126157;2017-04-25 16:15:57;3048;15524245;129244038;1;0;;user
236;1493126156;2017-04-25 16:15:56;2956;39074330;129244038;0;0;;user
238;1493126131;2017-04-25 16:15:31;8303;5831794;129244038;0;0;;user
239;1493126115;2017-04-25 16:15:15;1044;247329707;129244038;0;0;;user
240;1493126127;2017-04-25 16:15:27;19279;288974322;129244038;1;0;;user
241;1493126081;2017-04-25 16:14:41;698;171312874;129244038;0;0;;user
242;1493126083;2017-04-25 16:14:43;1278;207914293;129244038;0;0;;user
243;1493126061;2017-04-25 16:14:21;9465;134441665;129244038;0;0;;user
244;1493126051;2017-04-25 16:14:11;709;741021;129244038;0;0;;user
245;1493126041;2017-04-25 16:14:01;4464;9868341;129244038;0;0;;user
246;1493126044;2017-04-25 16:14:04;682;10499060;129244038;0;0;;user
247;1493126123;2017-04-25 16:15:23;5637;117183059;129244038;1;0;;user
248;1493126003;2017-04-25 16:13:23;1589;135022186;129244038;0;0;;user
249;1493125987;2017-04-25 16:13:07;1428;3031013;129244038;0;0;;user
250;1493125979;2017-04-25 16:12:59;9368;257493728;129244038;0;0;;user
251;1493125956;2017-04-25 16:12:36;255;182502874;129244038;0;0;;user
252;1493125930;2017-04-25 16:12:10;57170;307810065;129244038;5;0;;user
253;1493125925;2017-04-25 16:12:05;501;389230050;129244038;0;0;;user
254;1493125916;2017-04-25 16:11:56;1060;15311489;129244038;0;0;;user
255;1493125900;2017-04-25 16:11:40;772;306432595;129244038;0;0;;user
256;1493125902;2017-04-25 16:11:42;3145;3767409;129244038;0;0;;user
257;1493125819;2017-04-25 16:10:19;363;349846082;129244038;0;0;;user
258;1493125794;2017-04-25 16:09:54;13243;8650868;129244038;3;1;;user
259;1493125789;2017-04-25 16:09:49;4712;72450661;129244038;0;0;;user
260;1493125803;2017-04-25 16:10:03;2960;332542364;129244038;0;0;;user
261;1493125793;2017-04-25 16:09:53;1649;124097644;129244038;0;0;;user
262;1493125791;2017-04-25 16:09:51;3309;30808138;129244038;0;0;;user
263;1493125775;2017-04-25 16:09:35;616;369965437;129244038;0;0;;user
264;1493125777;2017-04-25 16:09:37;2852;12198696;129244038;1;0;;user
265;1493125760;2017-04-25 16:09:20;2405;19366461;129244038;0;0;;user
267;1493125736;2017-04-25 16:08:56;366;6920961;129244038;0;0;;user
268;1493125714;2017-04-25 16:08:34;2056;944812;129244038;0;0;;user
269;1493125707;2017-04-25 16:08:27;6468;-102059642;129244038;1;0;;group
270;1493125705;2017-04-25 16:08:25;2937;12060396;129244038;0;0;;user
271;1493125698;2017-04-25 16:08:18;1667;372979180;129244038;0;0;;user
272;1493125683;2017-04-25 16:08:03;119;325302351;129244038;0;0;;user
273;1493125671;2017-04-25 16:07:51;26277;323787962;129244038;0;0;;user
274;1493125660;2017-04-25 16:07:40;3460;257111835;129244038;0;0;;user
275;1493125645;2017-04-25 16:07:25;402;75864701;129244038;0;0;;user
276;1493125639;2017-04-25 16:07:19;327;200690897;129244038;0;0;;user
277;1493125631;2017-04-25 16:07:11;5158;55145795;129244038;0;0;;user
278;1493125624;2017-04-25 16:07:04;68055;67123132;129244038;3;0;;user
279;1493125594;2017-04-25 16:06:34;704;21743593;129244038;0;0;;user
280;1493125586;2017-04-25 16:06:26;3072;2192972;129244038;0;0;;user
281;1493125582;2017-04-25 16:06:22;4019;113888958;129244038;0;0;;user
282;1493125570;2017-04-25 16:06:10;41788;15145256;129244038;1;0;;user
283;1493125548;2017-04-25 16:05:48;47688;155606466;129244038;0;0;;user
284;1493125548;2017-04-25 16:05:48;60;357830280;129244038;1;0;;user
285;1493125538;2017-04-25 16:05:38;2090;42401387;129244038;1;0;;user
286;1493125527;2017-04-25 16:05:27;7718;7467680;129244038;2;1;;user
287;1493125512;2017-04-25 16:05:12;847;40871264;129244038;0;0;;user
288;1493125490;2017-04-25 16:04:50;3910;174674222;129244038;0;0;;user
289;1493125459;2017-04-25 16:04:19;1327;223691956;129244038;0;0;;user
290;1493125453;2017-04-25 16:04:13;8060;135590070;129244038;1;0;;user
291;1493125423;2017-04-25 16:03:43;157;278530036;129244038;0;0;;user
292;1493125404;2017-04-25 16:03:24;1171;21740325;129244038;0;0;;user
293;1493125406;2017-04-25 16:03:26;1812;43003719;129244038;0;0;;user
294;1493125393;2017-04-25 16:03:13;102;83728666;129244038;0;0;;user
295;1493125387;2017-04-25 16:03:07;962;56683061;129244038;0;0;;user
296;1493125372;2017-04-25 16:02:52;2879;-25968898;129244038;0;0;;group
297;1493125382;2017-04-25 16:03:02;6943;243800979;129244038;0;0;;user
298;1493125354;2017-04-25 16:02:34;11174;240353828;129244038;0;0;;user
299;1493125343;2017-04-25 16:02:23;10726;223429500;129244038;0;0;;user
301;1493125333;2017-04-25 16:02:13;3922;13956774;129244038;0;0;;user
302;1493125314;2017-04-25 16:01:54;11724;7557845;129244038;0;0;;user
303;1493125307;2017-04-25 16:01:47;3263;142538190;129244038;0;0;;user
304;1493125311;2017-04-25 16:01:51;15433;5494249;129244038;0;0;;user
305;1493125304;2017-04-25 16:01:44;28240;59768728;129244038;0;0;;user
306;1493125312;2017-04-25 16:01:52;1215;237759505;129244038;0;0;;user
307;1493125286;2017-04-25 16:01:26;11276;16622396;129244038;0;0;;user
308;1493125278;2017-04-25 16:01:18;1472;166142232;129244038;0;0;;user
310;1493125264;2017-04-25 16:01:04;8346;58505743;129244038;1;0;;user
311;1493125234;2017-04-25 16:00:34;7169;3038135;129244038;0;0;;user
312;1493125220;2017-04-25 16:00:20;12035;7913498;129244038;0;0;;user
313;1493125220;2017-04-25 16:00:20;9263;43632686;129244038;1;1;;user
314;1493125209;2017-04-25 16:00:09;5067;5475828;129244038;0;0;;user
315;1493125201;2017-04-25 16:00:01;672;177162756;129244038;0;0;;user
316;1493125173;2017-04-25 15:59:33;377;338973370;129244038;0;0;;user
317;1493125180;2017-04-25 15:59:40;18680;43469578;129244038;1;1;;user
318;1493125163;2017-04-25 15:59:23;3801;58089874;129244038;0;0;;user
319;1493125162;2017-04-25 15:59:22;12652;2644225;129244038;0;0;;user
320;1493125142;2017-04-25 15:59:02;6317;110878277;129244038;0;0;;user
321;1493125141;2017-04-25 15:59:01;1209;63877580;129244038;0;0;;user
322;1493125132;2017-04-25 15:58:52;835;410995675;129244038;0;0;;user
323;1493125112;2017-04-25 15:58:32;10387;87650035;129244038;0;0;;user
324;1493125082;2017-04-25 15:58:02;524;272869767;129244038;0;0;;user
325;1493125061;2017-04-25 15:57:41;8758;10380751;129244038;0;0;;user
326;1493125052;2017-04-25 15:57:32;4329;460059;129244038;0;0;;user
327;1493125044;2017-04-25 15:57:24;47506;70330595;129244038;0;0;;user
328;1493125011;2017-04-25 15:56:51;345;115124353;129244038;0;0;;user
329;1493125004;2017-04-25 15:56:44;2111;535267;129244038;0;0;;user
331;1493125000;2017-04-25 15:56:40;14235;34516767;129244038;0;0;;user
332;1493124993;2017-04-25 15:56:33;7761;1188926;129244038;0;0;;user
333;1493124966;2017-04-25 15:56:06;784;187005932;129244038;0;0;;user
334;1493124959;2017-04-25 15:55:59;86;-49606857;129244038;0;0;;group
335;1493124956;2017-04-25 15:55:56;1962;-75253771;129244038;0;0;;group
336;1493124953;2017-04-25 15:55:53;3191;195587387;129244038;0;0;;user
337;1493124952;2017-04-25 15:55:52;9656;156141890;129244038;1;1;;user
338;1493124946;2017-04-25 15:55:46;17548;197863962;129244038;0;0;;user
339;1493125011;2017-04-25 15:56:51;7255;174878394;129244038;1;0;;user
340;1493124940;2017-04-25 15:55:40;1717;14162915;129244038;0;0;;user
341;1493124928;2017-04-25 15:55:28;6797;79672984;129244038;0;0;;user
342;1493124920;2017-04-25 15:55:20;1227;227484275;129244038;0;0;;user
343;1493124916;2017-04-25 15:55:16;27593;14602050;129244038;1;1;;user
344;1493124912;2017-04-25 15:55:12;502;333191017;129244038;0;0;;user
345;1493124908;2017-04-25 15:55:08;69880;4367428;129244038;2;0;;user
346;1493124904;2017-04-25 15:55:04;725;267604478;129244038;0;0;;user
347;1493124895;2017-04-25 15:54:55;5145;1349748;129244038;0;0;;user
348;1493124903;2017-04-25 15:55:03;1270;93200715;129244038;0;0;;user
349;1493124893;2017-04-25 15:54:53;4966;2808304;129244038;4;0;;user
350;1493124887;2017-04-25 15:54:47;4170;91109327;129244038;0;0;;user
351;1493124878;2017-04-25 15:54:38;878;15289825;129244038;0;0;;user
352;1493124870;2017-04-25 15:54:30;5049;7823055;129244038;0;0;;user
353;1493124866;2017-04-25 15:54:26;13299;7293772;129244038;0;0;;user
354;1493124851;2017-04-25 15:54:11;755;156799293;129244038;0;0;;user
355;1493124832;2017-04-25 15:53:52;7071;195695643;129244038;0;0;;user
356;1493124832;2017-04-25 15:53:52;2535;21686237;129244038;0;0;;user
357;1493124820;2017-04-25 15:53:40;4219;151965827;129244038;0;0;;user
358;1493124816;2017-04-25 15:53:36;1971;155517100;129244038;0;0;;user
359;1493124810;2017-04-25 15:53:30;4704;329711297;129244038;0;0;;user
360;1493124795;2017-04-25 15:53:15;125;-144316055;129244038;0;0;;group
361;1493124797;2017-04-25 15:53:17;5166;27907263;129244038;1;0;;user
362;1493124787;2017-04-25 15:53:07;3096;29393508;129244038;0;0;;user
363;1493124789;2017-04-25 15:53:09;17606;531560;129244038;0;0;;user
364;1493124784;2017-04-25 15:53:04;11551;223311344;129244038;4;4;;user
365;1493124771;2017-04-25 15:52:51;2058;102413847;129244038;1;0;;user
366;1493124783;2017-04-25 15:53:03;5934;298770400;129244038;0;0;;user
367;1493124753;2017-04-25 15:52:33;6871;5588398;129244038;0;0;;user
368;1493124752;2017-04-25 15:52:32;1537;152284889;129244038;0;0;;user
369;1493124738;2017-04-25 15:52:18;1764;17781876;129244038;0;0;;user
370;1493124733;2017-04-25 15:52:13;6927;17797398;129244038;0;0;;user
371;1493124719;2017-04-25 15:51:59;1334;241103378;129244038;0;0;;user
372;1493124718;2017-04-25 15:51:58;10954;120254690;129244038;0;0;;user
373;1493124709;2017-04-25 15:51:49;1383634;-21239875;129244038;562;86;;group
374;1493124700;2017-04-25 15:51:40;34320;-61874184;129244038;0;0;;group
375;1493124698;2017-04-25 15:51:38;1409;29123052;129244038;0;0;;user
376;1493124685;2017-04-25 15:51:25;3807;29270203;129244038;0;0;;user
377;1493124778;2017-04-25 15:52:58;5362;4918769;129244038;1;0;;user
378;1493124652;2017-04-25 15:50:52;6969;9273459;129244038;0;0;;user
379;1493124655;2017-04-25 15:50:55;1986;87240350;129244038;1;0;;user
380;1493124646;2017-04-25 15:50:46;1446;-63911425;129244038;0;0;;group
381;1493124672;2017-04-25 15:51:12;11464;42218164;129244038;0;0;;user
382;1493124629;2017-04-25 15:50:29;1372;25615146;129244038;0;0;;user
383;1493124607;2017-04-25 15:50:07;1498;239223038;129244038;0;0;;user
384;1493124601;2017-04-25 15:50:01;54282;71964349;129244038;0;0;;user
386;1493124591;2017-04-25 15:49:51;708;172722819;129244038;5;0;;user
387;1493124599;2017-04-25 15:49:59;3402;15723066;129244038;0;0;;user
388;1493124586;2017-04-25 15:49:46;8;-128738618;129244038;;;;group
389;1493124586;2017-04-25 15:49:46;44;-128738766;129244038;;;;group
390;1493124570;2017-04-25 15:49:30;767;30055660;129244038;0;0;;user
391;1493124571;2017-04-25 15:49:31;3298;8106446;129244038;1;1;;user
392;1493124543;2017-04-25 15:49:03;669;392557203;129244038;0;0;;user
393;1493124543;2017-04-25 15:49:03;7528;169490706;129244038;0;0;;user
394;1493124444;2017-04-25 15:47:24;677;22068745;129244038;0;0;;user
395;1493124406;2017-04-25 15:46:46;24650;28235281;129244038;1;0;;user
396;1493124345;2017-04-25 15:45:45;1632;160353910;129244038;0;0;;user
397;1493124340;2017-04-25 15:45:40;13243;204691;129244038;0;0;;user
398;1493124328;2017-04-25 15:45:28;3286;22123070;129244038;0;0;;user
399;1493124316;2017-04-25 15:45:16;4367;240479;129244038;1;0;;user
400;1493124313;2017-04-25 15:45:13;3899;188027718;129244038;0;0;;user
401;1493124312;2017-04-25 15:45:12;3923;91301468;129244038;0;0;;user
402;1493124314;2017-04-25 15:45:14;14927;160166228;129244038;0;0;;user
403;1493124304;2017-04-25 15:45:04;461;305529785;129244038;3;1;;user
404;1493124291;2017-04-25 15:44:51;3660;265618467;129244038;0;0;;user
405;1493124283;2017-04-25 15:44:43;1936;269855584;129244038;0;0;;user
406;1493124271;2017-04-25 15:44:31;485;386127034;129244038;0;0;;user
407;1493124263;2017-04-25 15:44:23;1358;221736954;129244038;0;0;;user
408;1493124223;2017-04-25 15:43:43;62640;2093965;129244038;2;1;;user
409;1493124206;2017-04-25 15:43:26;11;333015790;129244038;0;0;;user
410;1493124204;2017-04-25 15:43:24;1251;33445766;129244038;1;0;;user
411;1493124184;2017-04-25 15:43:04;30;421454606;129244038;0;0;;user
412;1493124183;2017-04-25 15:43:03;1048;241969302;129244038;0;0;;user
413;1493124188;2017-04-25 15:43:08;159;31469305;129244038;0;0;;user
414;1493124180;2017-04-25 15:43:00;24;-145167244;129244038;1;0;;group
415;1493124168;2017-04-25 15:42:48;586;7302553;129244038;0;0;;user
416;1493124155;2017-04-25 15:42:35;3258;48036662;129244038;0;0;;user
417;1493124150;2017-04-25 15:42:30;9012;134983380;129244038;1;0;;user
418;1493124118;2017-04-25 15:41:58;2356;88587373;129244038;1;0;;user
419;1493124121;2017-04-25 15:42:01;3121;1490004;129244038;0;0;;user
420;1493124116;2017-04-25 15:41:56;929;94823861;129244038;0;0;;user
421;1493124113;2017-04-25 15:41:53;1227;167547081;129244038;0;0;;user
422;1493124098;2017-04-25 15:41:38;8205;185385878;129244038;0;0;;user
423;1493124102;2017-04-25 15:41:42;1985;87812277;129244038;0;0;;user
424;1493124099;2017-04-25 15:41:39;2154;43932392;129244038;0;0;;user
425;1493124073;2017-04-25 15:41:13;6591;163439;129244038;1;0;;user
426;1493124054;2017-04-25 15:40:54;6787;116059931;129244038;0;0;;user
427;1493124038;2017-04-25 15:40:38;4488;136132843;129244038;0;0;;user
428;1493124105;2017-04-25 15:41:45;4405;114050219;129244038;0;0;;user
429;1493124031;2017-04-25 15:40:31;7936;41334465;129244038;0;0;;user
430;1493124015;2017-04-25 15:40:15;1169;-50642025;129244038;0;0;;group
431;1493124012;2017-04-25 15:40:12;38173;134909828;129244038;0;0;;user
432;1493123998;2017-04-25 15:39:58;17361;4881353;129244038;0;0;;user
433;1493123976;2017-04-25 15:39:36;27396;154005718;129244038;0;0;;user
434;1493123998;2017-04-25 15:39:58;19475;39630084;129244038;1;0;;user
435;1493123972;2017-04-25 15:39:32;5108;599313;129244038;0;0;;user
436;1493123971;2017-04-25 15:39:31;510;-142210756;129244038;0;0;;group
437;1493123966;2017-04-25 15:39:26;1249;187274438;129244038;0;0;;user
438;1493123955;2017-04-25 15:39:15;3194;297379053;129244038;0;0;;user
439;1493123935;2017-04-25 15:38:55;1154;-141634839;129244038;4;1;;group
440;1493123938;2017-04-25 15:38:58;4120;566958;129244038;0;0;;user
441;1493123928;2017-04-25 15:38:48;22286;7062861;129244038;1;0;;user
442;1493123909;2017-04-25 15:38:29;8907;336187363;129244038;1;0;;user
443;1493123883;2017-04-25 15:38:03;11748;1670833;129244038;0;0;;user
444;1493123859;2017-04-25 15:37:39;2816;27748;129244038;0;0;;user
445;1493123853;2017-04-25 15:37:33;50047;45015807;129244038;0;0;;user
446;1493123846;2017-04-25 15:37:26;508;17436353;129244038;0;0;;user
447;1493123841;2017-04-25 15:37:21;2276;15210534;129244038;0;0;;user
448;1493123813;2017-04-25 15:36:53;5071;4524101;129244038;1;0;;user
449;1493123798;2017-04-25 15:36:38;6156;9423699;129244038;0;0;;user
450;1493123779;2017-04-25 15:36:19;3523;13031756;129244038;0;0;;user
451;1493123775;2017-04-25 15:36:15;1899;18059819;129244038;2;0;;user
452;1493123770;2017-04-25 15:36:10;17551;39786987;129244038;1;0;;user
453;1493123743;2017-04-25 15:35:43;1126;85683392;129244038;0;0;;user
454;1493123720;2017-04-25 15:35:20;2600;110731218;129244038;0;0;;user
455;1493123711;2017-04-25 15:35:11;846;416504653;129244038;0;0;;user
456;1493123691;2017-04-25 15:34:51;871;194574255;129244038;0;0;;user
457;1493123680;2017-04-25 15:34:40;19433;13944806;129244038;0;0;;user
458;1493123655;2017-04-25 15:34:15;3813;195945778;129244038;0;0;;user
459;1493123651;2017-04-25 15:34:11;18493;542303;129244038;0;0;;user
460;1493123628;2017-04-25 15:33:48;8134;325591159;129244038;0;0;;user
461;1493123619;2017-04-25 15:33:39;8655;184436516;129244038;0;0;;user
462;1493123615;2017-04-25 15:33:35;19147;23680759;129244038;1;0;;user
463;1493123604;2017-04-25 15:33:24;15670;189812216;129244038;0;0;;user
464;1493123580;2017-04-25 15:33:00;2410;-142616896;129244038;4;1;;group
465;1493123583;2017-04-25 15:33:03;79;344721187;129244038;0;0;;user
466;1493123570;2017-04-25 15:32:50;47081;400018;129244038;0;0;;user
467;1493123569;2017-04-25 15:32:49;18697;4271551;129244038;0;0;;user
468;1493123620;2017-04-25 15:33:40;626;205770238;129244038;0;0;;user
469;1493123529;2017-04-25 15:32:09;37609;12025189;129244038;0;0;;user
470;1493133561;2017-04-25 18:19:21;258;171714191;-142590933;0;0;;user
471;1493133370;2017-04-25 18:16:10;5570;253263832;-142590933;0;0;;user
472;1493125278;2017-04-25 16:01:18;520;-143648104;-107517920;0;0;;group
473;1493128758;2017-04-25 16:59:18;176;249507614;195593009;0;0;;user
474;1493132761;2017-04-25 18:06:01;726;14789593;-30838658;0;0;;user
475;1493127836;2017-04-25 16:43:56;51776;51057922;157362008;0;0;;user
476;1493128338;2017-04-25 16:52:18;24119;210493157;68396478;0;0;;user
477;1493129869;2017-04-25 17:17:49;6360;503398;8650868;0;0;;user
479;1493132359;2017-04-25 17:59:19;258;159221686;7467680;0;0;;user
480;1493134347;2017-04-25 18:32:27;1470;87107415;43632686;0;0;;user
481;1493133982;2017-04-25 18:26:22;16280;240456480;43469578;1;0;;user
482;1493126153;2017-04-25 16:15:53;22572;116569429;156141890;0;0;;user
483;1493125336;2017-04-25 16:02:16;4631;331576045;14602050;0;0;;user
484;1493133683;2017-04-25 18:21:23;8797;93757999;223311344;2;0;;user
485;1493129628;2017-04-25 17:13:48;2438;163743881;223311344;0;0;;user
486;1493127642;2017-04-25 16:40:42;6321;49105702;223311344;0;0;;user
487;1493125751;2017-04-25 16:09:11;37105;10749946;223311344;3;1;;user
488;1493125351;2017-04-25 16:02:31;2029;76537632;-21239875;0;0;–∫—Ä–∞—Å–∞–≤—á–∏–∫;user
489;1493130035;2017-04-25 17:20:35;13524;2402660;8106446;1;0;;user
490;1493126174;2017-04-25 16:16:14;34027;25870133;305529785;0;0;;user
491;1493124599;2017-04-25 15:49:59;1018;248009305;2093965;0;0;;user
492;1493126282;2017-04-25 16:18:02;626;103729793;-141634839;0;0;;user
493;1493125004;2017-04-25 15:56:44;99;337120059;-142616896;0;0;;user
494;1493129277;2017-04-25 17:07:57;19414;10705190;10749946;0;0;;user
